dataset,n,d,d/n,frac_missing,frac_n_with_missing,missing_patterns,frac_missing_patterns
support,1000,50,0.05,0.093,0.966,310,2.753353101070388e-13
equity,5960,19,0.0031879194630872482,0.041858000706464144,0.41023489932885904,74,0.000141143798828125
fico,9871,38,0.003849660622024111,0.03370585820238978,0.7465302400972545,74,2.6921043172478676e-10
cirrhosis,1945,22,0.011311053984575836,0.029586351951390512,0.5701799485861182,9,2.1457672119140625e-06
wiki,904,67,0.07411504424778761,0.01515651829348831,0.31305309734513276,157,1.0638733817514012e-18
